dataset,model,criterion,max_depth,min_samples_leaf,accuracy,precision,recall,f1
Ouro,gold_tree_depth_6_entropy,entropy,6,5,0.5705882352941176,0.55,0.6626506024096386,0.6010928961748634
Ouro,gold_tree_depth_3_gini,gini,3,10,0.6058823529411764,0.5952380952380952,0.6024096385542169,0.5988023952095808
Prata,silver_baseline_tree_depth_6_entropy,entropy,6,5,0.5529411764705883,0.5333333333333333,0.6746987951807228,0.5957446808510638
